kind,source,engine_path,result
model,C:\Users\Jacob\Desktop\Quantum Characters\casual_fbx\Assets\Male\Body\Afro\Quantum_Body_Bottom_Afro.fbx,Models\Afro\Quantum_Body_Bottom_Afro.fbx,copied
model,C:\Users\Jacob\Desktop\Quantum Characters\casual_fbx\Assets\Male\Body\Afro\Quantum_Body_Full_Afro.fbx,Models\Afro\Quantum_Body_Full_Afro.fbx,copied
model,C:\Users\Jacob\Desktop\Quantum Characters\casual_fbx\Assets\Male\Body\Afro\Quantum_Feet_Afro.fbx,Models\Afro\Quantum_Feet_Afro.fbx,copied
model,C:\Users\Jacob\Desktop\Quantum Characters\casual_fbx\Assets\Male\Body\Afro\Quantum_Head_Afro.fbx,Models\Afro\Quantum_Head_Afro.fbx,copied
model,C:\Users\Jacob\Desktop\Quantum Characters\casual_fbx\Assets\Male\Body\Afro\Quantum_Legs_Afro.fbx,Models\Afro\Quantum_Legs_Afro.fbx,copied
model,C:\Users\Jacob\Desktop\Quantum Characters\casual_fbx\Assets\Male\Body\Afro\Quantum_Torso_Afro.fbx,Models\Afro\Quantum_Torso_Afro.fbx,copied
model,C:\Users\Jacob\Desktop\Quantum Characters\casual_fbx\Assets\Male\Body\Afro\Quantum_UnderPants_Afro.fbx,Models\Afro\Quantum_UnderPants_Afro.fbx,copied
model,C:\Users\Jacob\Desktop\Quantum Characters\casual_fbx\Assets\Male\Body\Asian\Quantum_Asian_Body_Full.fbx,Models\Asian\Quantum_Asian_Body_Full.fbx,copied
model,C:\Users\Jacob\Desktop\Quantum Characters\casual_fbx\Assets\Male\Body\Asian\Quantum_Head_Asian.fbx,Models\Asian\Quantum_Head_Asian.fbx,copied
model,C:\Users\Jacob\Desktop\Quantum Characters\casual_fbx\Assets\Male\Body\Young\Quantum_Young_Body_Full.fbx,Models\Young\Quantum_Young_Body_Full.fbx,copied
model,C:\Users\Jacob\Desktop\Quantum Characters\casual_fbx\Assets\Male\Body\Young\Quantum_Young_Head.fbx,Models\Young\Quantum_Young_Head.fbx,copied
model,C:\Users\Jacob\Desktop\Quantum Characters\casual_fbx\Assets\Male\Body\Young\Quantum_Young_Head_Full.fbx,Models\Young\Quantum_Young_Head_Full.fbx,copied
model,C:\Users\Jacob\Desktop\Quantum Characters\casual_fbx\Assets\Male\Body\European_Old\\Quantum_Body_Old_Full.fbx,Models\Old\Quantum_Body_Old_Full.fbx,copied
model,C:\Users\Jacob\Desktop\Quantum Characters\casual_fbx\Assets\Male\Body\European_Old\\Quantum_Old_Head.fbx,Models\Old\Quantum_Old_Head.fbx,copied
model,C:\Users\Jacob\AppData\Local\Temp\qstage\Beard\\SKM_Beard.fbx,Models\Beard\SKM_Beard.fbx,copied
model,C:\Users\Jacob\AppData\Local\Temp\qstage\Beard\\SKM_Beard_02.fbx,Models\Beard\SKM_Beard_02.fbx,copied
model,C:\Users\Jacob\AppData\Local\Temp\qstage\Beard\\SKM_Beard_03.fbx,Models\Beard\SKM_Beard_03.fbx,copied
model,C:\Users\Jacob\AppData\Local\Temp\qstage\Beard\\SKM_Beard_04.fbx,Models\Beard\SKM_Beard_04.fbx,copied
model,C:\Users\Jacob\AppData\Local\Temp\qstage\Beard\\SKM_Beard_Long.fbx,Models\Beard\SKM_Beard_Long.fbx,copied
model,C:\Users\Jacob\AppData\Local\Temp\qstage\Beard\\SKM_Beard_Long_2.fbx,Models\Beard\SKM_Beard_Long_2.fbx,copied
model,C:\Users\Jacob\Desktop\Quantum Characters\casual_fbx\Assets\Male\Hair\\Hair_Back.fbx,Models\Hair\SKM_Hair_Back.fbx,copied
model,C:\Users\Jacob\Desktop\Quantum Characters\casual_fbx\Assets\Male\Hair\\Hair_Irokez.fbx,Models\Hair\SKM_Hair_Mohawk.fbx,copied
model,C:\Users\Jacob\Desktop\Quantum Characters\casual_fbx\Assets\Male\Hair\\Hair_Long.fbx,Models\Hair\SKM_Hair_Long.fbx,copied
model,C:\Users\Jacob\Desktop\Quantum Characters\casual_fbx\Assets\Male\Hair\\Hair_Long001.fbx,Models\Hair\SKM_Hair_Long_01.fbx,copied
model,C:\Users\Jacob\Desktop\Quantum Characters\casual_fbx\Assets\Male\Hair\\Hair_Long002.fbx,Models\Hair\SKM_Hair_Long_02.fbx,copied
model,C:\Users\Jacob\Desktop\Quantum Characters\casual_fbx\Assets\Male\Hair\\Hair_Short.fbx,Models\Hair\SKM_Hair_Short.fbx,copied
model,C:\Users\Jacob\Desktop\Quantum Characters\casual_fbx\Assets\Male\Hair\\Hair_Short001.fbx,Models\Hair\SKM_Hair_Short_01.fbx,copied
model,C:\Users\Jacob\Desktop\Quantum Characters\casual_fbx\Assets\Male\Hair\\SKM_F_Haircut_Bobcut_Side.fbx,Models\Female\Hair\SKM_F_Haircut_Bobcut_Side.fbx,copied
model,C:\Users\Jacob\Desktop\Quantum Characters\casual_fbx\Assets\Male\Hair\\SKM_Hair_Skin.fbx,Models\Hair\SKM_Hair_Skin.fbx,copied
model,C:\Users\Jacob\Desktop\Quantum Characters\casual_fbx\Assets\Male\Hat\\SKM_Hair_Irokez_2.fbx,Models\Hair\SKM_Hair_Mohawk_02.fbx,copied
model,C:\Users\Jacob\Desktop\Quantum Characters\casual_fbx\Assets\Male\Hat\\SKM_Haircut_Braids.fbx,Models\Hair\SKM_Haircut_Braids.fbx,copied
model,C:\Users\Jacob\AppData\Local\Temp\qstage\Female\Body\SKM_F_Vivian_Basemesh.fbx,Models\Female\Body\SKM_F_Vivian_Basemesh.fbx,copied
model,C:\Users\Jacob\AppData\Local\Temp\qstage\Female\Body\SKM_F_Vivian_Basemesh_Afro.fbx,Models\Female\Body\SKM_F_Vivian_Basemesh_Afro.fbx,copied
model,C:\Users\Jacob\AppData\Local\Temp\qstage\Female\Body\Heads\SKM_F_Vivian_Head.fbx,Models\Female\Body\Heads\SKM_F_Vivian_Head.fbx,copied
model,C:\Users\Jacob\AppData\Local\Temp\qstage\Female\Body\Heads\SKM_F_Vivian_Head_Afro.fbx,Models\Female\Body\Heads\SKM_F_Vivian_Head_Afro.fbx,copied
model,C:\Users\Jacob\AppData\Local\Temp\qstage\Female\Body\Heads\SKM_F_Vivian_Head_Scalp.fbx,Models\Female\Body\Heads\SKM_F_Vivian_Head_Scalp.fbx,copied
model,C:\Users\Jacob\AppData\Local\Temp\qstage\Female\Body\Parts\SKM_F_Vivian_Arms.fbx,Models\Female\Body\Parts\SKM_F_Vivian_Arms.fbx,copied
model,C:\Users\Jacob\AppData\Local\Temp\qstage\Female\Body\Parts\SKM_F_Vivian_Arms_Full.fbx,Models\Female\Body\Parts\SKM_F_Vivian_Arms_Full.fbx,copied
model,C:\Users\Jacob\AppData\Local\Temp\qstage\Female\Body\Parts\SKM_F_Vivian_Body.fbx,Models\Female\Body\Parts\SKM_F_Vivian_Body.fbx,copied
model,C:\Users\Jacob\AppData\Local\Temp\qstage\Female\Body\Parts\SKM_F_Vivian_Feet.fbx,Models\Female\Body\Parts\SKM_F_Vivian_Feet.fbx,copied
model,C:\Users\Jacob\AppData\Local\Temp\qstage\Female\Body\Parts\SKM_F_Vivian_Legs.fbx,Models\Female\Body\Parts\SKM_F_Vivian_Legs.fbx,copied
model,C:\Users\Jacob\AppData\Local\Temp\qstage\Female\Body\Parts\SKM_F_Vivian_Legs_Full.fbx,Models\Female\Body\Parts\SKM_F_Vivian_Legs_Full.fbx,copied
model,C:\Users\Jacob\AppData\Local\Temp\qstage\Female\Body\Parts\SKM_F_Vivian_Parts.fbx,Models\Female\Body\Parts\SKM_F_Vivian_Parts.fbx,copied
model,C:\Users\Jacob\AppData\Local\Temp\qstage\Female\Body\Parts\SKM_F_Vivian_Trousers.fbx,Models\Female\Body\Parts\SKM_F_Vivian_Trousers.fbx,copied
model,C:\Users\Jacob\AppData\Local\Temp\qstage\Female\Body\Parts\SKM_F_Vivian_Wrist.fbx,Models\Female\Body\Parts\SKM_F_Vivian_Wrist.fbx,copied
model,C:\Users\Jacob\Desktop\Quantum Characters\casual_fbx\Assets\Female\Body\SKM_F_Vivian_Old_Head.fbx,Models\Female\Body\Heads\SKM_F_Vivian_Head_Old.fbx,copied
model,C:\Users\Jacob\Desktop\Quantum Characters\casual_fbx\Assets\Female\Hair\\SKM_F_Haircut_Bobcut.fbx,Models\Female\Hair\SKM_F_Haircut_Bobcut.fbx,copied
model,C:\Users\Jacob\Desktop\Quantum Characters\casual_fbx\Assets\Female\Hair\\SKM_F_Haircut_Bobcut_Cap.fbx,Models\Female\Hair\SKM_F_Haircut_Bobcut_Cap.fbx,copied
model,C:\Users\Jacob\Desktop\Quantum Characters\casual_fbx\Assets\Female\Hair\\SKM_F_Haircut_Bobcut_Hat_Warm.fbx,Models\Female\Hair\SKM_F_Haircut_Bobcut_Hat_Warm.fbx,copied
model,C:\Users\Jacob\Desktop\Quantum Characters\casual_fbx\Assets\Female\Hair\\SKM_F_Haircut_Bobcut_Panama.fbx,Models\Female\Hair\SKM_F_Haircut_Bobcut_Panama.fbx,copied
model,C:\Users\Jacob\Desktop\Quantum Characters\casual_fbx\Assets\Female\Hair\\SKM_F_Haircut_Braids.fbx,Models\Female\Hair\SKM_F_Haircut_Braids.fbx,copied
model,C:\Users\Jacob\Desktop\Quantum Characters\casual_fbx\Assets\Female\Hair\\SKM_F_Haircut_Half_Up.fbx,Models\Female\Hair\SKM_F_Haircut_Half_Up.fbx,copied
model,C:\Users\Jacob\Desktop\Quantum Characters\casual_fbx\Assets\Female\Hair\\SKM_F_Haircut_Headband_Braids.fbx,Models\Female\Hair\SKM_F_Haircut_Headband_Braids.fbx,copied
model,C:\Users\Jacob\Desktop\Quantum Characters\casual_fbx\Assets\Female\Hair\\SKM_F_Haircut_Pixie_Cut.fbx,Models\Female\Hair\SKM_F_Haircut_Pixie_Cut.fbx,copied
model,C:\Users\Jacob\Desktop\Quantum Characters\casual_fbx\Assets\Female\Hair\\SKM_F_Haircut_Pixie_Cut_Long.fbx,Models\Female\Hair\SKM_F_Haircut_Pixie_Cut_Long.fbx,copied
model,C:\Users\Jacob\Desktop\Quantum Characters\casual_fbx\Assets\Female\Hair\\SKM_F_Haircut_Ponytail.fbx,Models\Female\Hair\SKM_F_Haircut_Ponytail.fbx,copied
model,C:\Users\Jacob\Desktop\Quantum Characters\casual_fbx\Assets\Female\Hair\\SKM_F_Haircut_Ponytail_Bangs.fbx,Models\Female\Hair\SKM_F_Haircut_Ponytail_Bangs.fbx,copied
model,C:\Users\Jacob\Desktop\Quantum Characters\casual_fbx\Assets\Female\Hair\\SKM_F_Haircut_Ponytail_Cap.fbx,Models\Female\Hair\SKM_F_Haircut_Ponytail_Cap.fbx,copied
model,C:\Users\Jacob\Desktop\Quantum Characters\casual_fbx\Assets\Female\Hair\\SKM_F_Haircut_Ponytail_Cap_Glasses.fbx,Models\Female\Hair\SKM_F_Haircut_Ponytail_Cap_Glasses.fbx,copied
model,C:\Users\Jacob\Desktop\Quantum Characters\casual_fbx\Assets\Female\Hair\\SKM_F_Haircut_Ponytail_Cap_Glassses.fbx,Models\Female\Hair\SKM_F_Haircut_Ponytail_Cap_Glasses_Alt.fbx,copied
model,C:\Users\Jacob\Desktop\Quantum Characters\casual_fbx\Assets\Female\Hair\\SKM_F_Haircut_Ponytail_Headband_Up.fbx,Models\Female\Hair\SKM_F_Haircut_Ponytail_Headband_Up.fbx,copied
model,C:\Users\Jacob\Desktop\Quantum Characters\casual_fbx\Assets\Female\Hair\\SKM_F_Haircut_Ponytail_Straight.fbx,Models\Female\Hair\SKM_F_Haircut_Ponytail_Straight.fbx,copied
model,C:\Users\Jacob\Desktop\Quantum Characters\casual_fbx\Assets\Female\Hair\\SKM_F_Haircut_Undercut_Bun.fbx,Models\Female\Hair\SKM_F_Haircut_Undercut_Bun.fbx,copied
model,C:\Users\Jacob\Desktop\Quantum Characters\casual_fbx\Assets\Female\Hair\\SKM_F_Headband_Haircut_Braids.fbx,Models\Female\Hair\SKM_F_Headband_Haircut_Braids.fbx,copied
model,C:\Users\Jacob\Desktop\Quantum Characters\casual_fbx\Assets\Female\Hair\\SKM_F_Headband_Haircut_Front.fbx,Models\Female\Hair\SKM_F_Headband_Haircut_Front.fbx,copied
model,C:\Users\Jacob\Desktop\Quantum Characters\casual_fbx\Assets\Female\Hair\\SKM_F_Headband_Haircut_Half_Up_Bandana.fbx,Models\Female\Hair\SKM_F_Headband_Haircut_Half_Up_Bandana.fbx,copied
model,C:\Users\Jacob\Desktop\Quantum Characters\casual_fbx\Assets\Female\Hair\\SKM_F_Head_Scalp.fbx,Models\Female\Hair\SKM_F_Head_Scalp.fbx,copied
model,C:\Users\Jacob\Desktop\Quantum Characters\casual_fbx\Assets\Female\Hair\\SKM_Hair_F_Irokez.fbx,Models\Female\Hair\SKM_F_Hair_Mohawk.fbx,copied
tex,C:\Users\Jacob\AppData\Local\Temp\qstage\Arms_Afro\T_Quantum_Basemesh_Arms_Afro_BaseColor.1003.png,Textures\Afro\Arms\T_Quantum_Basemesh_Arms_Afro_BaseColor.1003.png,copied
tex-ao,C:\Users\Jacob\AppData\Local\Temp\qstage\Arms_Afro\T_Quantum_Basemesh_Arms_Afro_OcclusionRoughnessMetallic.1003_Occlusion.png,Textures\Afro\Arms\T_Quantum_Basemesh_Arms_Afro_Occlusion.1003.png,copied
tex,C:\Users\Jacob\AppData\Local\Temp\qstage\Arms_Afro\T_Quantum_Basemesh_Arms_Afro_Roughness.1003.png,Textures\Afro\Arms\T_Quantum_Basemesh_Arms_Afro_Roughness.1003.png,copied
tex,C:\Users\Jacob\AppData\Local\Temp\qstage\Arms_Afro\T_Quantum_Basemesh_Arms_Afro_Unity_Normal.1003.png,Textures\Afro\Arms\T_Quantum_Basemesh_Arms_Afro_Unity_Normal.1003.png,copied
tex,C:\Users\Jacob\AppData\Local\Temp\qstage\Arms_Old\T_Quantum_Basemesh_Arms_old_BaseColor.1003.png,Textures\Old\Arms\T_Quantum_Basemesh_Arms_old_BaseColor.1003.png,copied
tex-ao,C:\Users\Jacob\AppData\Local\Temp\qstage\Arms_Old\T_Quantum_Basemesh_Arms_old_OcclusionRoughnessMetallic.1003_Occlusion.png,Textures\Old\Arms\T_Quantum_Basemesh_Arms_old_Occlusion.1003.png,copied
tex,C:\Users\Jacob\AppData\Local\Temp\qstage\Arms_Old\T_Quantum_Basemesh_Arms_old_Roughness.1003.png,Textures\Old\Arms\T_Quantum_Basemesh_Arms_old_Roughness.1003.png,copied
tex,C:\Users\Jacob\AppData\Local\Temp\qstage\Arms_Old\T_Quantum_Basemesh_Arms_old_Unity_Normal.1003.png,Textures\Old\Arms\T_Quantum_Basemesh_Arms_old_Unity_Normal.1003.png,copied
tex,C:\Users\Jacob\AppData\Local\Temp\qstage\Body_Afro\T_Quantum_Basemesh_Body_Afro_BaseColor.1002.png,Textures\Afro\Body\T_Quantum_Basemesh_Body_Afro_BaseColor.1002.png,copied
tex-ao,C:\Users\Jacob\AppData\Local\Temp\qstage\Body_Afro\T_Quantum_Basemesh_Body_Afro_OcclusionRoughnessMetallic.1002_Occlusion.png,Textures\Afro\Body\T_Quantum_Basemesh_Body_Afro_Occlusion.1002.png,copied
tex,C:\Users\Jacob\AppData\Local\Temp\qstage\Body_Afro\T_Quantum_Basemesh_Body_Afro_Roughness.1002.png,Textures\Afro\Body\T_Quantum_Basemesh_Body_Afro_Roughness.1002.png,copied
tex,C:\Users\Jacob\AppData\Local\Temp\qstage\Body_Afro\T_Quantum_Basemesh_Body_Afro_Unity_Normal.1002.png,Textures\Afro\Body\T_Quantum_Basemesh_Body_Afro_Unity_Normal.1002.png,copied
tex,C:\Users\Jacob\AppData\Local\Temp\qstage\Body_Old\T_Quantum_Basemesh_Body_old_BaseColor.1002.png,Textures\Old\Body\T_Quantum_Basemesh_Body_old_BaseColor.1002.png,copied
tex-ao,C:\Users\Jacob\AppData\Local\Temp\qstage\Body_Old\T_Quantum_Basemesh_Body_old_OcclusionRoughnessMetallic.1002_Occlusion.png,Textures\Old\Body\T_Quantum_Basemesh_Body_old_Occlusion.1002.png,copied
tex,C:\Users\Jacob\AppData\Local\Temp\qstage\Body_Old\T_Quantum_Basemesh_Body_old_Roughness.1002.png,Textures\Old\Body\T_Quantum_Basemesh_Body_old_Roughness.1002.png,copied
tex,C:\Users\Jacob\AppData\Local\Temp\qstage\Body_Old\T_Quantum_Basemesh_Body_old_Unity_Normal.1002.png,Textures\Old\Body\T_Quantum_Basemesh_Body_old_Unity_Normal.1002.png,copied
tex,C:\Users\Jacob\AppData\Local\Temp\qstage\Head_Afro\T_Quantum_Basemesh_Head_Afro_BaseColor.1001.png,Textures\Afro\Head\T_Quantum_Basemesh_Head_Afro_BaseColor.1001.png,copied
tex-ao,C:\Users\Jacob\AppData\Local\Temp\qstage\Head_Afro\T_Quantum_Basemesh_Head_Afro_OcclusionRoughnessMetallic.1001_Occlusion.png,Textures\Afro\Head\T_Quantum_Basemesh_Head_Afro_Occlusion.1001.png,copied
tex,C:\Users\Jacob\AppData\Local\Temp\qstage\Head_Afro\T_Quantum_Basemesh_Head_Afro_Roughness.1001.png,Textures\Afro\Head\T_Quantum_Basemesh_Head_Afro_Roughness.1001.png,copied
tex,C:\Users\Jacob\AppData\Local\Temp\qstage\Head_Afro\T_Quantum_Basemesh_Head_Afro_Unity_Normal.1001.png,Textures\Afro\Head\T_Quantum_Basemesh_Head_Afro_Unity_Normal.1001.png,copied
tex,C:\Users\Jacob\AppData\Local\Temp\qstage\Head_Old\T_Quantum_Basemesh_Head_old_BaseColor.1001.png,Textures\Old\Head\T_Quantum_Basemesh_Head_old_BaseColor.1001.png,copied
tex-ao,C:\Users\Jacob\AppData\Local\Temp\qstage\Head_Old\T_Quantum_Basemesh_Head_old_OcclusionRoughnessMetallic.1001_Occlusion.png,Textures\Old\Head\T_Quantum_Basemesh_Head_old_Occlusion.1001.png,copied
tex,C:\Users\Jacob\AppData\Local\Temp\qstage\Head_Old\T_Quantum_Basemesh_Head_old_Roughness.1001.png,Textures\Old\Head\T_Quantum_Basemesh_Head_old_Roughness.1001.png,copied
tex,C:\Users\Jacob\AppData\Local\Temp\qstage\Head_Old\T_Quantum_Basemesh_Head_old_Unity_Normal.1001.png,Textures\Old\Head\T_Quantum_Basemesh_Head_old_Unity_Normal.1001.png,copied
tex,C:\Users\Jacob\AppData\Local\Temp\qstage\Head_Young\T_Quantum_Basemesh_Young_Head_BaseColor.1001.png,Textures\Young\Head\T_Quantum_Basemesh_Head_Young_BaseColor.1001.png,copied
tex-ao,C:\Users\Jacob\AppData\Local\Temp\qstage\Head_Young\T_Quantum_Basemesh_Young_Head_OcclusionRoughnessMetallic.1001_Occlusion.png,Textures\Young\Head\T_Quantum_Basemesh_Head_Young_Occlusion.1001.png,copied
tex,C:\Users\Jacob\AppData\Local\Temp\qstage\Head_Young\T_Quantum_Basemesh_Young_Head_Roughness.1001.png,Textures\Young\Head\T_Quantum_Basemesh_Head_Young_Roughness.1001.png,copied
tex,C:\Users\Jacob\AppData\Local\Temp\qstage\Head_Young\T_Quantum_Basemesh_Young_Head_Unity_Normal.1001.png,Textures\Young\Head\T_Quantum_Basemesh_Head_Young_Unity_Normal.1001.png,copied
tex,C:\Users\Jacob\Desktop\Quantum Characters\casual_textures_p1\Body_Male\Head_Asian\T_Quantum_Basemesh_Head_Asian_BaseColor.1001.png,Textures\Asian\Head\T_Quantum_Basemesh_Head_Asian_BaseColor.1001.png,copied
tex-ao,C:\Users\Jacob\Desktop\Quantum Characters\casual_textures_p1\Body_Male\Head_Asian\T_Quantum_Basemesh_Head_Asian_OcclusionRoughnessMetallic.1001.png,Textures\Asian\Head\T_Quantum_Basemesh_Head_Asian_Occlusion.1001.png,extracted R channel
tex,C:\Users\Jacob\Desktop\Quantum Characters\casual_textures_p1\Body_Male\Head_Asian\T_Quantum_Basemesh_Head_Asian_Roughness.1001.png,Textures\Asian\Head\T_Quantum_Basemesh_Head_Asian_Roughness.1001.png,copied
tex,C:\Users\Jacob\Desktop\Quantum Characters\casual_textures_p1\Body_Male\Head_Asian\T_Quantum_Basemesh_Head_Asian_Unity_Normal.1001.png,Textures\Asian\Head\T_Quantum_Basemesh_Head_Asian_Unity_Normal.1001.png,copied
tex,C:\Users\Jacob\Desktop\Quantum Characters\casual_textures_p1\Body_Female\European\Arms\Last\T_Vivian_Basemesh_Arms_BaseColor.1003.png,Textures\Female\European\Arms\T_F_Vivian_Basemesh_Arms_BaseColor.1003.png,copied
tex-ao,C:\Users\Jacob\Desktop\Quantum Characters\casual_textures_p1\Body_Female\European\Arms\Last\T_Vivian_Basemesh_Arms_OcclusionRoughnessMetallic.1003.png,Textures\Female\European\Arms\T_F_Vivian_Basemesh_Arms_Occlusion.1003.png,extracted R channel
tex,C:\Users\Jacob\Desktop\Quantum Characters\casual_textures_p1\Body_Female\European\Arms\Last\T_Vivian_Basemesh_Arms_Roughness.1003.png,Textures\Female\European\Arms\T_F_Vivian_Basemesh_Arms_Roughness.1003.png,copied
tex,C:\Users\Jacob\Desktop\Quantum Characters\casual_textures_p1\Body_Female\European\Arms\Last\T_Vivian_Basemesh_Arms_Unity_Normal.1003.png,Textures\Female\European\Arms\T_F_Vivian_Basemesh_Arms_Unity_Normal.1003.png,copied
tex,C:\Users\Jacob\Desktop\Quantum Characters\casual_textures_p1\Body_Female\European\Body\New folder\T_Vivian_Basemesh_Body_BaseColor.1002.png,Textures\Female\European\Body\T_F_Vivian_Basemesh_Body_BaseColor.1002.png,copied
tex-ao,C:\Users\Jacob\Desktop\Quantum Characters\casual_textures_p1\Body_Female\European\Body\New folder\T_Vivian_Basemesh_Body_OcclusionRoughnessMetallic.1002.png,Textures\Female\European\Body\T_F_Vivian_Basemesh_Body_Occlusion.1002.png,extracted R channel
tex,C:\Users\Jacob\Desktop\Quantum Characters\casual_textures_p1\Body_Female\European\Body\New folder\T_Vivian_Basemesh_Body_Roughness.1002.png,Textures\Female\European\Body\T_F_Vivian_Basemesh_Body_Roughness.1002.png,copied
tex,C:\Users\Jacob\Desktop\Quantum Characters\casual_textures_p1\Body_Female\European\Body\New folder\T_Vivian_Basemesh_Body_Unity_Normal.1002.png,Textures\Female\European\Body\T_F_Vivian_Basemesh_Body_Unity_Normal.1002.png,copied
tex,C:\Users\Jacob\Desktop\Quantum Characters\casual_textures_p1\Body_Female\European\Head\T_Vivian_Basemesh_Head_BaseColor.1001.png,Textures\Female\European\Head\T_F_Vivian_Basemesh_Head_BaseColor.1001.png,copied
tex,C:\Users\Jacob\Desktop\Quantum Characters\casual_textures_p1\Body_Female\European\Head\T_Vivian_Basemesh_Head_Camo_BaseColor.1001.png,Textures\Female\European\Head\T_F_Vivian_Basemesh_Head_BaseColor.1001.png,exists-skipped
tex,C:\Users\Jacob\Desktop\Quantum Characters\casual_textures_p1\Body_Female\European\Head\T_Vivian_Basemesh_Head_MakeUp_BaseColor.1001.png,Textures\Female\European\Head\T_F_Vivian_Basemesh_Head_BaseColor.1001.png,exists-skipped
tex-ao,C:\Users\Jacob\Desktop\Quantum Characters\casual_textures_p1\Body_Female\European\Head\T_Vivian_Basemesh_Head_OcclusionRoughnessMetallic.1001.png,Textures\Female\European\Head\T_F_Vivian_Basemesh_Head_Occlusion.1001.png,extracted R channel
tex,C:\Users\Jacob\Desktop\Quantum Characters\casual_textures_p1\Body_Female\European\Head\T_Vivian_Basemesh_Head_Roughness.1001.png,Textures\Female\European\Head\T_F_Vivian_Basemesh_Head_Roughness.1001.png,copied
tex,C:\Users\Jacob\Desktop\Quantum Characters\casual_textures_p1\Body_Female\European\Head\T_Vivian_Basemesh_Head_Unity_Normal.1001.png,Textures\Female\European\Head\T_F_Vivian_Basemesh_Head_Unity_Normal.1001.png,copied
tex,C:\Users\Jacob\Desktop\Quantum Characters\casual_textures_p1\Body_Female\Afro\Arms\T_F_Vivian_Basemesh_Afro_Arms_BaseColor.1003.png,Textures\Female\Afro\Arms\T_F_Vivian_Basemesh_Arms_Afro_BaseColor.1003.png,copied
tex-ao,C:\Users\Jacob\Desktop\Quantum Characters\casual_textures_p1\Body_Female\Afro\Arms\T_F_Vivian_Basemesh_Afro_Arms_OcclusionRoughnessMetallic.1003.png,Textures\Female\Afro\Arms\T_F_Vivian_Basemesh_Arms_Afro_Occlusion.1003.png,extracted R channel
tex,C:\Users\Jacob\Desktop\Quantum Characters\casual_textures_p1\Body_Female\Afro\Arms\T_F_Vivian_Basemesh_Afro_Arms_Roughness.1003.png,Textures\Female\Afro\Arms\T_F_Vivian_Basemesh_Arms_Afro_Roughness.1003.png,copied
tex,C:\Users\Jacob\Desktop\Quantum Characters\casual_textures_p1\Body_Female\Afro\Arms\T_F_Vivian_Basemesh_Afro_Arms_Unity_Normal.1003.png,Textures\Female\Afro\Arms\T_F_Vivian_Basemesh_Arms_Afro_Unity_Normal.1003.png,copied
tex,C:\Users\Jacob\Desktop\Quantum Characters\casual_textures_p1\Body_Female\Afro\Body\T_F_Vivian_Basemesh_Afro_Body_BaseColor.1002.png,Textures\Female\Afro\Body\T_F_Vivian_Basemesh_Body_Afro_BaseColor.1002.png,copied
tex-ao,C:\Users\Jacob\Desktop\Quantum Characters\casual_textures_p1\Body_Female\Afro\Body\T_F_Vivian_Basemesh_Afro_Body_OcclusionRoughnessMetallic.1002.png,Textures\Female\Afro\Body\T_F_Vivian_Basemesh_Body_Afro_Occlusion.1002.png,extracted R channel
tex,C:\Users\Jacob\Desktop\Quantum Characters\casual_textures_p1\Body_Female\Afro\Body\T_F_Vivian_Basemesh_Afro_Body_Roughness.1002.png,Textures\Female\Afro\Body\T_F_Vivian_Basemesh_Body_Afro_Roughness.1002.png,copied
tex,C:\Users\Jacob\Desktop\Quantum Characters\casual_textures_p1\Body_Female\Afro\Body\T_F_Vivian_Basemesh_Afro_Body_Unity_Normal.1002.png,Textures\Female\Afro\Body\T_F_Vivian_Basemesh_Body_Afro_Unity_Normal.1002.png,copied
tex,C:\Users\Jacob\Desktop\Quantum Characters\casual_textures_p1\Body_Female\Afro\Head\T_F_Vivian_Basemesh_Afro_Head_BaseColor.1001.png,Textures\Female\Afro\Head\T_F_Vivian_Basemesh_Head_Afro_BaseColor.1001.png,copied
tex-ao,C:\Users\Jacob\Desktop\Quantum Characters\casual_textures_p1\Body_Female\Afro\Head\T_F_Vivian_Basemesh_Afro_Head_OcclusionRoughnessMetallic.1001.png,Textures\Female\Afro\Head\T_F_Vivian_Basemesh_Head_Afro_Occlusion.1001.png,extracted R channel
tex,C:\Users\Jacob\Desktop\Quantum Characters\casual_textures_p1\Body_Female\Afro\Head\T_F_Vivian_Basemesh_Afro_Head_Roughness.1001.png,Textures\Female\Afro\Head\T_F_Vivian_Basemesh_Head_Afro_Roughness.1001.png,copied
tex,C:\Users\Jacob\Desktop\Quantum Characters\casual_textures_p1\Body_Female\Afro\Head\T_F_Vivian_Basemesh_Afro_Head_Unity_Normal.1001.png,Textures\Female\Afro\Head\T_F_Vivian_Basemesh_Head_Afro_Unity_Normal.1001.png,copied
tex,C:\Users\Jacob\Desktop\Quantum Characters\casual_textures_p1\Body_Female\Old\T_Vivian_Basemesh_Old_Head_BaseColor.1001.png,Textures\Female\Old\Head\T_F_Vivian_Basemesh_Head_Old_BaseColor.1001.png,copied
tex-ao,C:\Users\Jacob\Desktop\Quantum Characters\casual_textures_p1\Body_Female\Old\T_Vivian_Basemesh_Old_Head_OcclusionRoughnessMetallic.1001.png,Textures\Female\Old\Head\T_F_Vivian_Basemesh_Head_Old_Occlusion.1001.png,extracted R channel
tex,C:\Users\Jacob\Desktop\Quantum Characters\casual_textures_p1\Body_Female\Old\T_Vivian_Basemesh_Old_Head_Roughness.1001.png,Textures\Female\Old\Head\T_F_Vivian_Basemesh_Head_Old_Roughness.1001.png,copied
tex,C:\Users\Jacob\Desktop\Quantum Characters\casual_textures_p1\Body_Female\Old\T_Vivian_Basemesh_Old_Head_Unity_Normal.1001.png,Textures\Female\Old\Head\T_F_Vivian_Basemesh_Head_Old_Unity_Normal.1001.png,copied
mat,,Materials\M_Quantum_Arms_Afro.mat,written
mat,,Materials\M_Quantum_Body_Afro.mat,written
mat,,Materials\M_Quantum_Head_Afro.mat,written
mat,,Materials\M_Quantum_Arms_Old.mat,written
mat,,Materials\M_Quantum_Body_Old.mat,written
mat,,Materials\M_Quantum_Head_Old.mat,written
mat,,Materials\M_Quantum_Head_Young.mat,written
mat,,Materials\M_Quantum_Head_Asian.mat,written
mat,,Materials\M_F_Vivian_Arms.mat,written
mat,,Materials\M_F_Vivian_Arms_Afro.mat,written
mat,,Materials\M_F_Vivian_Body.mat,written
mat,,Materials\M_F_Vivian_Body_Afro.mat,written
mat,,Materials\M_F_Vivian_Head.mat,written
mat,,Materials\M_F_Vivian_Head_Afro.mat,written
mat,,Materials\M_F_Vivian_Head_Old.mat,written
